date_time,eth_only,btc_only,invest_50_50,invest_60_40,invest_80_20,invest_day
2019-01-01,10000.0,10000.0,10000.0,10000.0,10000.0,1
2019-01-02,10984.62,10157.08,10570.85,10653.6,10819.11,2
2019-01-03,10535.24,9899.3,10217.27,10280.86,10408.05,3
2019-01-04,10965.3,9986.2,10475.75,10573.66,10769.48,4
2019-01-05,11008.94,9925.02,10466.98,10575.37,10792.16,5
2019-01-06,11157.07,10561.64,10859.35,10918.9,11037.98,6
2019-01-07,10777.82,10468.36,10623.09,10654.04,10715.93,7
2019-01-08,10662.61,10438.46,10550.54,10572.95,10617.78,8
2019-01-09,10701.97,10465.28,10583.62,10607.29,10654.63,9
2019-01-10,9048.3,9477.33,9262.81,9219.91,9134.11,10
2019-01-11,9003.94,9500.8,9252.37,9202.68,9103.31,11
2019-01-12,8915.21,9453.83,9184.52,9130.66,9022.93,12
2019-01-13,8270.48,9184.91,8727.7,8636.26,8453.37,13
2019-01-14,9187.12,9576.83,9381.97,9343.0,9265.06,14
2019-01-15,8586.76,9362.25,8974.51,8896.96,8741.86,15
2019-01-16,8738.46,9427.75,9083.1,9014.18,8876.32,16
2019-01-17,8769.23,9508.4,9138.82,9064.9,8917.07,17
2019-01-18,8553.13,9440.95,8997.04,8908.26,8730.69,18
2019-01-19,8807.87,9620.76,9214.32,9133.03,8970.45,19
2019-01-20,8402.86,9243.67,8823.27,8739.18,8571.02,20
2019-01-21,8290.52,9230.7,8760.61,8666.59,8478.56,21
2019-01-22,8449.37,9348.45,8898.91,8809.0,8629.19,22
2019-01-23,8339.89,9286.24,8813.07,8718.43,8529.16,23
2019-01-24,8329.16,9334.05,8831.6,8731.11,8530.14,24
2019-01-25,8233.27,9307.13,8770.2,8662.82,8448.04,25
2019-01-26,8229.7,9294.24,8761.97,8655.51,8442.61,26
2019-01-27,7967.8,9228.77,8598.29,8472.19,8219.99,27
2019-01-28,7547.05,8964.61,8255.83,8114.07,7830.56,28
2019-01-29,7429.7,8879.59,8154.64,8009.65,7719.67,29
2019-01-30,7700.18,8984.48,8342.33,8213.9,7957.04,30
2019-01-31,7567.8,8916.39,8242.09,8107.24,7837.52,31
2019-02-01,7573.52,8984.34,8278.93,8137.85,7855.69,32
2019-02-02,7816.82,9065.18,8441.0,8316.16,8066.49,33
2019-02-03,7578.53,8924.96,8251.75,8117.1,7847.82,34
2019-02-04,7590.7,8911.35,8251.02,8118.96,7854.83,35
2019-02-05,7584.97,8968.38,8276.67,8138.33,7861.65,36
2019-02-06,7388.91,8801.13,8095.02,7953.8,7671.35,37
2019-02-07,7393.2,8779.17,8086.19,7947.59,7670.4,38
2019-02-08,8440.79,9466.53,8953.66,8851.09,8645.94,39
2019-02-09,8442.22,9476.23,8959.22,8855.82,8649.02,40
2019-02-10,8868.69,9536.71,9202.7,9135.9,9002.3,41
2019-02-11,8545.97,9383.86,8964.92,8881.13,8713.55,42
2019-02-12,8645.44,9379.29,9012.36,8938.98,8792.21,43
2019-02-13,8628.26,9348.11,8988.19,8916.2,8772.23,44
2019-02-14,8535.24,9308.43,8921.84,8844.52,8689.88,45
2019-02-15,8618.96,9323.85,8971.41,8900.92,8759.94,46
2019-02-16,8706.98,9356.58,9031.78,8966.82,8836.9,47
2019-02-17,9468.34,9474.61,9471.47,9470.85,9469.59,48
2019-02-18,10348.48,10106.9,10227.69,10251.85,10300.16,49
2019-02-19,10210.38,10162.99,10186.68,10191.42,10200.9,50
2019-02-20,10520.93,10295.05,10407.99,10430.58,10475.75,51
2019-02-21,10319.14,10187.16,10253.15,10266.35,10292.75,52
2019-02-22,10495.89,10302.97,10399.43,10418.72,10457.3,53
2019-02-23,11274.42,10751.23,11012.83,11065.15,11169.78,54
2019-02-24,9427.55,9759.86,9593.7,9560.47,9494.01,55
2019-02-25,9849.02,9980.89,9914.96,9901.77,9875.39,56
2019-02-26,9710.91,9930.43,9820.67,9798.72,9754.81,57
2019-02-27,9621.47,9931.55,9776.51,9745.5,9683.48,58
2019-02-28,9622.9,9911.24,9767.07,9738.24,9680.57,59
2019-03-01,9653.67,9947.91,9800.79,9771.36,9712.52,60
2019-03-02,9468.34,9957.14,9712.74,9663.86,9566.1,61
2019-03-03,9288.73,9897.62,9593.18,9532.29,9410.51,62
2019-03-04,8961.72,9672.3,9317.01,9245.95,9103.83,63
2019-03-05,9744.54,10049.14,9896.84,9866.38,9805.46,64
2019-03-06,9803.22,10067.41,9935.31,9908.89,9856.06,65
2019-03-07,9752.42,10080.89,9916.65,9883.81,9818.11,66
2019-03-08,9498.39,10044.48,9771.44,9716.83,9607.61,67
2019-03-09,9755.28,10236.09,9995.68,9947.6,9851.44,68
2019-03-10,9635.78,10195.58,9915.68,9859.7,9747.74,69
2019-03-11,9449.02,10061.63,9755.32,9694.06,9571.54,70
2019-03-12,9502.68,10088.6,9795.64,9737.05,9619.87,71
2019-03-13,9385.33,10065.13,9725.23,9657.25,9521.29,72
2019-03-14,9402.5,10072.79,9737.65,9670.62,9536.56,73
2019-03-15,9730.95,10200.47,9965.71,9918.75,9824.85,74
2019-03-16,10052.24,10428.37,10240.3,10202.69,10127.46,75
2019-03-17,9879.79,10364.34,10122.06,10073.61,9976.7,76
2019-03-18,9803.94,10375.03,10089.48,10032.37,9918.15,77
2019-03-19,9880.5,10456.73,10168.62,10110.99,9995.75,78
2019-03-20,9927.01,10537.75,10232.38,10171.31,10049.16,79
2019-03-21,9610.02,10383.31,9996.67,9919.34,9764.68,80
2019-03-22,9712.34,10412.12,10062.23,9992.25,9852.3,81
2019-03-23,9768.87,10411.2,10090.04,10025.8,9897.34,82
2019-03-24,9680.86,10374.85,10027.85,9958.45,9819.66,83
2019-03-25,9512.7,10212.83,9862.76,9792.75,9652.73,84
2019-03-26,9537.75,10249.21,9893.48,9822.33,9680.04,85
2019-03-27,9944.19,10523.85,10234.02,10176.05,10060.12,86
2019-03-28,9831.84,10483.7,10157.77,10092.59,9962.21,87
2019-03-29,10220.39,10692.38,10456.38,10409.19,10314.79,88
2019-03-30,10180.32,10700.56,10440.44,10388.42,10284.37,89
2019-03-31,10090.88,10702.78,10396.83,10335.64,10213.26,90
2019-04-01,10091.59,10812.58,10452.08,10379.99,10235.79,91
2019-04-02,11784.62,12816.71,12300.66,12197.45,11991.03,92
2019-04-03,11544.19,13005.33,12274.76,12128.64,11836.42,93
2019-04-04,11278.71,12823.74,12051.22,11896.72,11587.72,94
2019-04-05,11884.08,13171.98,12528.03,12399.24,12141.66,95
2019-04-06,11863.33,13196.78,12530.05,12396.71,12130.02,96
2019-04-07,12501.61,13577.25,13039.43,12931.86,12716.74,97
2019-04-08,12933.09,13814.43,13373.76,13285.63,13109.36,98
2019-04-09,12586.76,13557.43,13072.1,12975.03,12780.9,99
2019-04-10,12715.56,13907.11,13311.34,13192.18,12953.87,100
2019-04-11,11797.5,13176.08,12486.79,12348.93,12073.21,101
2019-04-12,11754.56,13272.5,12513.53,12361.74,12058.15,102
2019-04-13,11717.35,13241.21,12479.28,12326.9,12022.12,103
2019-04-14,12020.04,13497.48,12758.76,12611.01,12315.52,104
2019-04-15,11442.58,13139.52,12291.05,12121.35,11781.96,105
2019-04-16,11905.55,13598.44,12751.99,12582.7,12244.12,106
2019-04-17,11916.99,13655.94,12786.47,12612.57,12264.78,107
2019-04-18,12453.67,13801.23,13127.45,12992.69,12723.18,108
2019-04-19,12416.46,13827.03,13121.74,12980.69,12698.57,109
2019-04-20,12431.48,13904.21,13167.85,13020.58,12726.03,110
2019-04-21,12157.42,13846.06,13001.74,12832.88,12495.15,111
2019-04-22,12277.64,14081.18,13179.41,12999.05,12638.35,112
2019-04-23,12174.6,14441.34,13307.97,13081.29,12627.95,113
2019-04-24,11866.91,14223.88,13045.39,12809.7,12338.3,114
2019-04-25,10880.14,13420.48,12150.31,11896.28,11388.21,115
2019-04-26,10977.46,13485.04,12231.25,11980.49,11478.98,116
2019-04-27,11143.47,13514.02,12328.75,12091.69,11617.58,117
2019-04-28,10961.72,13478.53,12220.12,11968.44,11465.08,118
2019-04-29,10906.62,13455.61,12181.11,11926.21,11416.42,119
2019-04-30,11477.64,13775.62,12626.63,12396.83,11937.23,120
2019-05-01,11327.37,13907.5,12617.44,12359.42,11843.4,121
2019-05-02,11343.11,14090.09,12716.6,12441.9,11892.51,122
2019-05-03,11788.19,14788.48,13288.34,12988.31,12388.25,123
2019-05-04,11588.55,15080.66,13334.6,12985.39,12286.97,124
2019-05-05,11545.62,14939.13,13242.37,12903.02,12224.32,125
2019-05-06,12251.16,14862.78,13556.97,13295.81,12773.49,126
2019-05-07,11914.85,15024.31,13469.58,13158.63,12536.74,127
2019-05-08,12134.53,15546.93,13840.73,13499.49,12817.01,128
2019-05-09,12172.45,16077.47,14124.96,13734.46,12953.45,129
2019-05-10,12322.72,16578.6,14450.66,14025.07,13173.9,130
2019-05-11,13760.29,18843.99,16302.14,15793.77,14777.03,131
2019-05-12,13469.05,18227.18,15848.11,15372.3,14420.68,132
2019-05-13,14025.04,20451.45,17238.25,16595.61,15310.33,133
2019-05-14,15559.21,20885.29,18222.25,17689.64,16624.43,134
2019-05-15,17817.53,21440.42,19628.98,19266.69,18542.11,135
2019-05-16,18926.65,20597.21,19761.93,19594.88,19260.77,136
2019-05-17,17501.97,19245.94,18373.96,18199.56,17850.76,137
2019-05-18,16744.9,18981.21,17863.05,17639.42,17192.16,138
2019-05-19,18682.65,21431.75,20057.2,19782.29,19232.47,139
2019-05-20,18046.51,20919.4,19482.95,19195.67,18621.09,140
2019-05-21,18246.87,20790.07,19518.47,19264.15,18755.51,141
2019-05-22,17433.99,19932.78,18683.38,18433.5,17933.75,142
2019-05-23,17577.1,20600.56,19088.83,18786.48,18181.79,143
2019-05-24,17864.04,20906.46,19385.25,19081.01,18472.53,144
2019-05-25,18000.0,21075.8,19537.9,19230.32,18615.16,145
2019-05-26,19192.84,22869.27,21031.06,20663.41,19928.13,146
2019-05-27,19408.94,22927.5,21168.22,20816.37,20112.66,147
2019-05-28,19402.5,22778.7,21090.6,20752.98,20077.74,148
2019-05-29,19276.57,22642.93,20959.75,20623.11,19949.84,149
2019-05-30,18219.68,21634.98,19927.33,19585.8,18902.74,150
2019-05-31,19158.5,22354.09,20756.3,20436.74,19797.62,151
2019-06-01,18946.69,22369.91,20658.3,20315.98,19631.33,152
2019-06-02,19265.12,22834.09,21049.6,20692.7,19978.91,153
2019-06-03,17856.89,21179.9,19518.39,19186.09,18521.49,154
2019-06-04,17254.38,20049.03,18651.71,18372.24,17813.31,155
2019-06-05,17615.74,20358.8,18987.27,18712.96,18164.35,156
2019-06-06,17846.15,20399.36,19122.76,18867.44,18356.8,157
2019-06-07,17838.28,20910.33,19374.3,19067.1,18452.69,158
2019-06-08,17481.22,20726.43,19103.82,18779.3,18130.26,159
2019-06-09,16550.98,19953.95,18252.47,17912.17,17231.58,160
2019-06-10,17734.53,20950.03,19342.28,19020.73,18377.63,161
2019-06-11,17539.18,20695.15,19117.16,18801.56,18170.37,162
2019-06-12,18783.54,21369.07,20076.31,19817.75,19300.65,163
2019-06-13,18256.89,21533.78,19895.33,19567.64,18912.27,164
2019-06-14,18878.71,22731.92,20805.32,20420.0,19649.35,165
2019-06-15,19269.41,23157.34,21213.38,20824.58,20047.0,166
2019-06-16,19200.72,23457.31,21329.01,20903.35,20052.03,167
2019-06-17,19604.29,24389.72,21997.01,21518.46,20561.38,168
2019-06-18,18917.35,23733.04,21325.2,20843.63,19880.49,169
2019-06-19,19233.63,24248.06,21740.85,21239.4,20236.52,170
2019-06-20,19463.33,24911.03,22187.18,21642.41,20552.87,171
2019-06-21,21231.48,26753.61,23992.55,23440.34,22335.91,172
2019-06-22,22078.0,27879.2,24978.6,24398.48,23238.24,173
2019-06-23,21966.37,28264.03,25115.2,24485.43,23225.9,174
2019-06-24,22254.03,28834.37,25544.2,24886.16,23570.09,175
2019-06-25,22654.03,30749.59,26701.81,25892.25,24273.14,176
2019-06-26,23961.36,33769.48,28865.42,27884.61,25922.98,177
2019-06-27,20999.64,29166.23,25082.93,24266.28,22632.96,178
2019-06-28,22137.39,32289.88,27213.63,26198.38,24167.89,179
2019-06-29,22688.37,31011.45,26849.91,26017.6,24352.99,180
2019-06-30,20756.35,28102.51,24429.43,23694.81,22225.58,181
2019-07-01,21016.1,27645.98,24331.04,23668.05,22342.08,182
2019-07-02,20840.79,28302.71,24571.75,23825.56,22333.17,183
2019-07-03,21594.99,31301.9,26448.45,25477.75,23536.37,184
2019-07-04,20219.68,29105.36,24662.52,23773.95,21996.81,185
2019-07-05,20608.23,28744.26,24676.24,23862.64,22235.43,186
2019-07-06,20577.46,29371.34,24974.4,24095.01,22336.24,187
2019-07-07,21920.57,30006.27,25963.42,25154.85,23537.71,188
2019-07-08,22414.31,32111.39,27262.85,26293.14,24353.73,189
2019-07-09,22035.78,32856.2,27445.99,26363.95,24199.86,190
2019-07-10,20641.14,31619.56,26130.35,25032.51,22836.83,191
2019-07-11,19249.37,29662.06,24455.72,23414.45,21331.91,192
2019-07-12,19717.35,30846.03,25281.69,24168.82,21943.09,193
2019-07-13,19251.52,29717.15,24484.34,23437.77,21344.65,194
2019-07-14,16163.86,26619.87,21391.87,20346.27,18255.07,195
2019-07-15,16334.88,28369.54,22352.21,21148.75,18741.82,196
2019-07-16,14231.84,24627.48,19429.66,18390.1,16310.97,197
2019-07-17,15127.01,25342.54,20234.78,19213.22,17170.12,198
2019-07-18,16193.92,27832.7,22013.31,20849.43,18521.67,199
2019-07-19,15828.98,27542.56,21685.77,20514.41,18171.7,200
2019-07-20,16378.53,28125.32,22251.93,21077.25,18727.89,201
2019-07-21,16145.97,27680.14,21913.06,20759.64,18452.81,202
2019-07-22,15537.03,26981.5,21259.26,20114.82,17825.92,203
2019-07-23,15164.94,25719.66,20442.3,19386.83,17275.88,204
2019-07-24,15492.67,25541.94,20517.3,19512.37,17502.52,205
2019-07-25,15690.88,25817.41,20754.14,19741.49,17716.18,206
2019-07-26,15695.89,25725.94,20710.91,19707.91,17701.9,207
2019-07-27,14820.04,24780.77,19800.4,18804.33,16812.18,208
2019-07-28,15134.17,24915.71,20024.94,19046.79,17090.48,209
2019-07-29,15079.07,24816.42,19947.74,18974.01,17026.54,210
2019-07-30,15014.67,25074.15,20044.41,19038.46,17026.56,211
2019-07-31,15649.37,26364.44,21006.91,19935.4,17792.39,212
2019-08-01,15567.08,27204.99,21386.04,20222.25,17894.66,213
2019-08-02,15584.97,27529.36,21557.17,20362.73,17973.85,214
2019-08-03,15895.53,28281.44,22088.48,20849.89,18372.71,215
2019-08-04,15949.91,28715.82,22332.87,21056.27,18503.09,216
2019-08-05,16666.91,30880.74,23773.82,22352.44,19509.67,217
2019-08-06,16158.14,29966.52,23062.33,21681.49,18919.82,218
2019-08-07,16157.42,31298.27,23727.85,22213.76,19185.59,219
2019-08-08,15800.36,31313.87,23557.11,22005.76,18903.06,220
2019-08-09,15048.3,30987.43,23017.86,21423.95,18236.13,221
2019-08-10,14747.76,29484.2,22115.98,20642.34,17695.05,222
2019-08-11,15460.47,30163.25,22811.86,21341.58,18401.02,223
2019-08-12,15116.99,29767.33,22442.16,20977.13,18047.06,224
2019-08-13,14925.22,28370.72,21647.97,20303.42,17614.32,225
2019-08-14,13330.95,26203.86,19767.41,18480.11,15905.53,226
2019-08-15,13466.91,26914.77,20190.84,18846.05,16156.48,227
2019-08-16,13256.53,27058.31,20157.42,18777.24,16016.89,228
2019-08-17,13280.14,26705.5,19992.82,18650.28,15965.21,229
2019-08-18,13934.88,26960.82,20447.85,19145.26,16540.07,230
2019-08-19,14477.28,28545.52,21511.4,20104.58,17290.93,231
2019-08-20,14065.12,28154.57,21109.84,19700.9,16883.01,232
2019-08-21,13407.51,26476.05,19941.78,18634.93,16021.22,233
2019-08-22,13625.04,26416.32,20020.68,18741.56,16183.3,234
2019-08-23,13907.69,27210.08,20558.89,19228.65,16568.17,235
2019-08-24,13659.39,26533.1,20096.25,18808.88,16234.13,236
2019-08-25,13341.68,26498.84,19920.26,18604.54,15973.11,237
2019-08-26,13474.06,27079.72,20276.89,18916.32,16195.19,238
2019-08-27,13386.05,26599.67,19992.86,18671.5,16028.77,239
2019-08-28,12367.08,25389.59,18878.34,17576.09,14971.58,240
2019-08-29,12080.14,24816.39,18448.27,17174.64,14627.39,241
2019-08-30,12050.09,25044.88,18547.48,17248.0,14649.05,242
2019-08-31,12301.97,25093.07,18697.52,17418.41,14860.19,243
2019-09-01,12256.89,25528.68,18892.79,17565.61,14911.25,244
2019-09-02,12794.28,27154.28,19974.28,18538.28,15666.28,245
2019-09-03,12817.17,27750.48,20283.83,18790.49,15803.83,246
2019-09-04,12509.48,27656.99,20083.23,18568.48,15538.98,247
2019-09-05,12450.81,27638.4,20044.6,18525.84,15488.32,248
2019-09-06,12107.33,26943.68,19525.51,18041.87,15074.6,249
2019-09-07,12742.75,27402.24,20072.5,18606.55,15674.65,250
2019-09-08,12991.77,27179.03,20085.4,18666.68,15829.22,251
2019-09-09,12925.22,26946.5,19935.86,18533.73,15729.48,252
2019-09-10,12854.38,26383.26,19618.82,18265.93,15560.16,253
2019-09-11,12770.66,26539.98,19655.32,18278.39,15524.52,254
2019-09-12,12958.14,27243.72,20100.93,18672.37,15815.26,255
2019-09-13,12998.21,27092.68,20045.45,18636.0,15817.1,256
2019-09-14,13504.83,27077.83,20291.33,18934.03,16219.43,257
2019-09-15,13545.62,26949.9,20247.76,18907.33,16226.47,258
2019-09-16,14138.82,26822.46,20480.64,19212.27,16675.55,259
2019-09-17,14880.14,26647.84,20763.99,19587.22,17233.68,260
2019-09-18,15046.15,26542.07,20794.11,19644.52,17345.34,261
2019-09-19,15799.64,26853.45,21326.55,20221.17,18010.4,262
2019-09-20,15606.44,26589.22,21097.83,19999.55,17803.0,263
2019-09-21,15370.3,26097.8,20734.05,19661.3,17515.8,264
2019-09-22,15110.55,26206.32,20658.44,19548.86,17329.71,265
2019-09-23,14366.37,25335.82,19851.1,18754.15,16560.26,266
2019-09-24,11942.75,22294.27,17118.51,16083.36,14013.06,267
2019-09-25,12164.58,22056.4,17110.49,16121.31,14142.94,268
2019-09-26,11867.62,21052.85,16460.23,15541.71,13704.67,269
2019-09-27,12482.29,21416.04,16949.16,16055.79,14269.04,270
2019-09-28,12443.65,21478.97,16961.31,16057.78,14250.71,271
2019-09-29,12120.21,21045.97,16583.09,15690.52,13905.37,272
2019-09-30,12989.62,21719.24,17354.43,16481.47,14735.55,273
2019-10-01,12597.5,21749.35,17173.42,16258.24,14427.87,274
2019-10-02,12938.82,21906.69,17422.76,16525.97,14732.39,275
2019-10-03,12525.94,21537.36,17031.65,16130.51,14328.22,276
2019-10-04,12591.77,21318.5,16955.13,16082.46,14337.12,277
2019-10-05,12635.42,21294.87,16965.14,16099.2,14367.31,278
2019-10-06,12175.31,20542.56,16358.94,15522.21,13848.76,279
2019-10-07,12898.75,21454.41,17176.58,16321.01,14609.88,280
2019-10-08,12931.66,21375.66,17153.66,16309.26,14620.46,281
2019-10-09,13828.98,22451.06,18140.02,17277.81,15553.4,282
2019-10-10,13713.06,22444.53,18078.79,17205.65,15459.35,283
2019-10-11,12940.25,21616.27,17278.26,16410.66,14675.45,284
2019-10-12,12870.13,21702.07,17286.1,16402.9,14636.51,285
2019-10-13,12964.58,21640.84,17302.71,16435.08,14699.83,286
2019-10-14,13370.3,21835.81,17603.06,16756.51,15063.41,287
2019-10-15,12921.65,21333.58,17127.61,16286.42,14604.03,288
2019-10-16,12478.71,20892.14,16685.42,15844.08,14161.4,289
2019-10-17,12687.66,21110.53,16899.09,16056.81,14372.23,290
2019-10-18,12376.39,20795.07,16585.73,15743.86,14060.12,291
2019-10-19,12314.13,20818.27,16566.2,15715.79,14014.96,292
2019-10-20,12561.72,21536.81,17049.27,16151.76,14356.74,293
2019-10-21,12467.98,21478.27,16973.12,16072.09,14270.04,294
2019-10-22,12257.6,20962.86,16610.23,15739.71,13998.65,295
2019-10-23,11618.6,19525.81,15572.21,14781.49,13200.05,296
2019-10-24,11496.96,19421.53,15459.24,14666.79,13081.87,297
2019-10-25,12998.93,22654.92,17826.92,16861.33,14930.13,298
2019-10-26,12882.29,24201.62,18541.95,17410.02,15146.15,299
2019-10-27,13182.11,24957.11,19069.61,17892.11,15537.11,300
2019-10-28,13021.82,24114.63,18568.23,17458.95,15240.39,301
2019-10-29,13674.42,24648.6,19161.51,18064.09,15869.25,302
2019-10-30,13122.0,23952.43,18537.22,17454.17,15288.09,303
2019-10-31,13050.45,23939.47,18494.96,17406.06,15228.25,304
2019-11-01,13108.41,24184.21,18646.31,17538.73,15323.57,305
2019-11-02,13094.81,24329.0,18711.91,17588.49,15341.65,306
2019-11-03,13003.94,24062.41,18533.17,17427.33,15215.63,307
2019-11-04,13327.37,24596.22,18961.8,17834.91,15581.14,308
2019-11-05,13515.56,24359.37,18937.47,17853.09,15684.33,309
2019-11-06,13676.57,24414.6,19045.58,17971.78,15824.17,310
2019-11-07,13339.53,24042.34,18690.94,17620.66,15480.1,311
2019-11-08,13139.18,22903.24,18021.21,17044.8,15091.99,312
2019-11-09,13221.47,23020.54,18121.01,17141.1,15181.28,313
2019-11-10,13515.56,23627.51,18571.53,17560.34,15537.95,314
2019-11-11,13212.88,22791.77,18002.33,17044.44,15128.66,315
2019-11-12,13376.03,23026.06,18201.04,17236.04,15306.03,316
2019-11-13,13432.56,22899.95,18166.25,17219.52,15326.04,317
2019-11-14,13205.72,22555.6,17880.66,16945.68,15075.7,318
2019-11-15,12867.26,22104.7,17485.98,16562.24,14714.75,319
2019-11-16,13041.14,22166.17,17603.66,16691.16,14866.15,320
2019-11-17,13157.78,22215.86,17686.82,16781.01,14969.4,321
2019-11-18,12726.3,21350.3,17038.3,16175.9,14451.1,322
2019-11-19,12574.6,21231.44,16903.02,16037.33,14305.97,323
2019-11-20,12475.85,21125.85,16800.85,15935.85,14205.85,324
2019-11-21,11521.29,19906.59,15713.94,14875.41,13198.35,325
2019-11-22,10731.31,19042.5,14886.9,14055.78,12393.54,326
2019-11-23,10876.57,19156.03,15016.3,14188.35,12532.46,327
2019-11-24,10017.17,18056.61,14036.89,13232.95,11625.06,328
2019-11-25,10442.93,18627.35,14535.14,13716.7,12079.82,329
2019-11-26,10578.18,18720.55,14649.36,13835.13,12206.65,330
2019-11-27,10948.12,19674.97,15311.55,14438.86,12693.49,331
2019-11-28,10805.72,19425.55,15115.64,14253.66,12529.69,332
2019-11-29,11073.35,20265.26,15669.3,14750.11,12911.73,333
2019-11-30,10862.25,19734.64,15298.45,14411.21,12636.73,334
2019-12-01,10802.86,19352.0,15077.43,14222.52,12512.69,335
2019-12-02,10651.16,19092.57,14871.87,14027.73,12339.45,336
2019-12-03,10542.4,19087.16,14814.78,13960.3,12251.35,337
2019-12-04,10411.45,18812.32,14611.88,13771.8,12091.62,338
2019-12-05,10603.22,19323.96,14963.59,14091.52,12347.37,339
2019-12-06,10649.73,19721.65,15185.69,14278.5,12464.12,340
2019-12-07,10549.55,19607.93,15078.74,14172.9,12361.23,341
2019-12-08,10782.11,19654.48,15218.29,14331.06,12556.58,342
2019-12-09,10540.25,19177.52,14858.88,13995.16,12267.7,343
2019-12-10,10421.47,18868.74,14645.11,13800.38,12110.92,344
2019-12-11,10253.31,18821.33,14537.32,13680.52,11966.91,345
2019-12-12,10353.49,18781.29,14567.39,13724.61,12039.05,346
2019-12-13,10339.18,18948.54,14643.86,13782.92,12061.05,347
2019-12-14,10141.68,18485.4,14313.54,13479.17,11810.43,348
2019-12-15,10188.19,18596.17,14392.18,13551.38,11869.79,349
2019-12-16,9471.2,17973.99,13722.6,12872.32,11171.76,350
2019-12-17,8717.71,17293.38,13005.54,12147.98,10432.84,351
2019-12-18,9509.12,19041.66,14275.39,13322.14,11415.63,352
2019-12-19,9172.09,18686.31,13929.2,12977.78,11074.94,353
2019-12-20,9185.69,18802.72,13994.21,13032.5,11109.1,354
2019-12-21,9094.1,18680.64,13887.37,12928.71,11011.41,355
2019-12-22,9474.06,19636.34,14555.2,13538.97,11506.52,356
2019-12-23,9143.47,19107.68,14125.58,13129.15,11136.31,357
2019-12-24,9138.46,18961.89,14050.18,13067.83,11103.15,358
2019-12-25,8941.68,18797.52,13869.6,12884.02,10912.85,359
2019-12-26,8979.61,18806.36,13892.98,12910.31,10944.96,360
2019-12-27,9032.56,18937.9,13985.23,12994.69,11013.63,361
2019-12-28,9152.77,19086.46,14119.62,13126.25,11139.51,362
2019-12-29,9610.02,19301.35,14455.68,13486.55,11548.28,363
2019-12-30,9381.04,18860.64,14120.84,13172.88,11276.96,364
2019-12-31,9201.43,18735.42,13968.43,13015.03,11108.23,365
2020-01-01,9315.92,18751.03,14033.47,13089.96,11202.94,366
2020-01-02,9074.06,18144.59,13609.32,12702.27,10888.17,367
2020-01-03,9600.72,19181.18,14390.95,13432.9,11516.81,368
2020-01-04,9598.57,19206.58,14402.57,13441.77,11520.17,369
2020-01-05,9682.29,19224.28,14453.28,13499.08,11590.69,370
2020-01-06,10317.71,20293.85,15305.78,14308.17,12312.94,371
2020-01-07,10238.28,21323.33,15780.81,14672.3,12455.29,372
2020-01-08,10067.98,21022.19,15545.08,14449.66,12258.82,373
2020-01-09,9854.03,20433.34,15143.68,14085.75,11969.89,374
2020-01-10,10355.64,21426.75,15891.19,14784.08,12569.86,375
2020-01-11,10206.08,20951.41,15578.75,14504.21,12355.15,376
2020-01-12,10490.16,21372.42,15931.29,14843.06,12666.61,377
2020-01-13,10269.05,21183.48,15726.26,14634.82,12451.94,378
2020-01-14,11866.19,23040.93,17453.56,16336.09,14101.14,379
2020-01-15,11899.11,23023.89,17461.5,16349.02,14124.06,380
2020-01-16,11741.68,22777.14,17259.41,16155.86,13948.77,381
2020-01-17,12135.24,23259.77,17697.5,16585.05,14360.15,382
2020-01-18,12452.95,23283.58,17868.27,16785.2,14619.08,383
2020-01-19,11932.02,22753.72,17342.87,16260.7,14096.36,384
2020-01-20,11927.01,22552.7,17239.86,16177.29,14052.15,385
2020-01-21,12114.49,22796.14,17455.31,16387.15,14250.82,386
2020-01-22,11998.57,22635.01,17316.79,16253.14,14125.86,387
2020-01-23,11620.75,21898.12,16759.44,15731.7,13676.23,388
2020-01-24,11613.6,22020.28,16816.94,15776.27,13694.93,389
2020-01-25,11457.6,21763.18,16610.39,15579.83,13518.72,390
2020-01-26,11978.53,22464.13,17221.33,16172.77,14075.65,391
2020-01-27,12148.12,23250.73,17699.42,16589.16,14368.64,392
2020-01-28,12623.26,24568.1,18595.68,17401.19,15012.22,393
2020-01-29,12411.45,24256.82,18334.13,17149.6,14780.52,394
2020-01-30,13199.28,24829.46,19014.37,17851.35,15525.32,395
2020-01-31,12861.54,24398.16,18629.85,17476.19,15168.86,396
2020-02-01,13130.59,24516.3,18823.44,17684.87,15407.73,397
2020-02-02,13473.35,24364.76,18919.05,17829.91,15651.63,398
2020-02-03,13554.2,24255.74,18904.97,17834.82,15694.51,399
2020-02-04,13469.77,23952.14,18710.96,17662.72,15566.24,400
2020-02-05,14597.5,25126.94,19862.22,18809.27,16703.39,401
2020-02-06,15237.92,25516.87,20377.4,19349.5,17293.71,402
2020-02-07,15972.81,25634.59,20803.7,19837.52,17905.16,403
2020-02-08,15983.54,25886.15,20934.85,19944.59,17964.06,404
2020-02-09,16372.09,26590.97,21481.53,20459.64,18415.87,405
2020-02-10,15957.07,25748.88,20852.97,19873.79,17915.43,406
2020-02-11,17028.98,26841.98,21935.48,20954.18,18991.58,407
2020-02-12,19064.04,27054.0,23059.02,22260.02,20662.03,408
2020-02-13,19222.9,26733.93,22978.42,22227.31,20725.1,409
2020-02-14,20462.25,27087.74,23775.0,23112.45,21787.35,410
2020-02-15,18956.71,25904.24,22430.47,21735.72,20346.21,411
2020-02-16,18497.32,25929.8,22213.56,21470.31,19983.81,412
2020-02-17,19192.84,25352.19,22272.52,21656.58,20424.71,413
2020-02-18,20297.67,26627.74,23462.71,22829.7,21563.69,414
2020-02-19,18502.33,25096.57,21799.45,21140.02,19821.18,415
2020-02-20,18420.04,25117.09,21768.56,21098.86,19759.45,416
2020-02-21,19019.68,25340.84,22180.26,21548.14,20283.91,417
2020-02-22,18753.49,25269.15,22011.32,21359.75,20056.62,418
2020-02-23,19712.34,26044.82,22878.58,22245.34,20978.84,419
2020-02-24,18984.62,25247.64,22116.13,21489.83,20237.22,420
2020-02-25,17638.64,24319.8,20979.22,20311.11,18974.87,421
2020-02-26,16011.45,22943.21,19477.33,18784.15,17397.8,422
2020-02-27,16288.37,23043.05,19665.71,18990.24,17639.31,423
2020-02-28,16274.06,22748.6,19511.33,18863.87,17568.97,424
2020-02-29,15572.81,22291.89,18932.35,18260.44,16916.62,425
2020-03-01,15546.33,22274.14,18910.24,18237.46,16891.89,426
2020-03-02,16601.07,23295.05,19948.06,19278.66,17939.87,427
2020-03-03,16012.16,22889.73,19450.95,18763.19,17387.68,428
2020-03-04,16068.69,22891.98,19480.34,18798.01,17433.35,429
2020-03-05,16362.08,23706.05,20034.06,19299.66,17830.87,430
2020-03-06,17571.38,23936.93,20754.16,20117.6,18844.49,431
2020-03-07,17012.52,23245.42,20128.97,19505.68,18259.1,432
2020-03-08,14272.63,21007.71,17640.17,16966.66,15619.65,433
2020-03-09,14509.48,20737.88,17623.68,17000.84,15755.16,434
2020-03-10,14367.8,20610.86,17489.33,16865.02,15616.41,435
2020-03-11,13925.58,20747.11,17336.34,16654.19,15289.89,436
2020-03-12,7783.9,12694.65,10239.27,9748.2,8766.05,437
2020-03-13,9696.6,14695.75,12196.17,11696.26,10696.43,438
2020-03-14,8742.04,13500.04,11121.04,10645.24,9693.64,439
2020-03-15,8834.35,13965.79,11400.07,10886.92,9860.64,440
2020-03-16,7969.95,13166.44,10568.19,10048.54,9009.24,441
2020-03-17,8294.1,13935.1,11114.6,10550.5,9422.3,442
2020-03-18,8486.58,14149.24,11317.91,10751.65,9619.11,443
2020-03-19,9780.32,16168.58,12974.45,12335.62,11057.97,444
2020-03-20,9552.77,16230.99,12891.88,12224.06,10888.42,445
2020-03-21,9501.97,16194.82,12848.39,12179.11,10840.54,446
2020-03-22,8759.93,15206.74,11983.33,11338.65,10049.29,447
2020-03-23,9803.22,16964.09,13383.65,12667.57,11235.39,448
2020-03-24,9946.33,17685.48,13815.9,13041.99,11494.16,449
2020-03-25,9750.27,17487.68,13618.97,12845.23,11297.75,450
2020-03-26,9946.33,17663.36,13804.85,13033.15,11489.74,451
2020-03-27,9413.95,16654.98,13034.46,12310.36,10862.16,452
2020-03-28,9398.93,16339.93,12869.43,12175.33,10787.13,453
2020-03-29,8898.03,15355.06,12126.55,11480.84,10189.44,454
2020-03-30,9468.34,16743.94,13106.14,12378.58,10923.46,455
2020-03-31,9522.72,16790.86,13156.79,12429.97,10976.35,456
2020-04-01,9741.68,17422.73,13582.2,12814.1,11277.89,457
2020-04-02,10127.37,17784.48,13955.93,13190.21,11658.79,458
2020-04-03,10128.09,17621.05,13874.57,13125.27,11626.68,459
2020-04-04,10338.46,17968.09,14153.27,13390.31,11864.39,460
2020-04-05,10217.53,17715.82,13966.68,13216.85,11717.19,461
2020-04-06,12281.93,19188.1,15735.02,15044.4,13663.17,462
2020-04-07,11778.18,18818.14,15298.16,14594.16,13186.17,463
2020-04-08,12435.06,19262.72,15848.89,15166.13,13800.59,464
2020-04-09,12146.69,19064.06,15605.38,14913.64,13530.16,465
2020-04-10,11318.07,17965.55,14641.81,13977.06,12647.56,466
2020-04-11,11347.41,18006.85,14677.13,14011.18,12679.29,467
2020-04-12,11357.42,18043.7,14700.56,14031.93,12694.68,468
2020-04-13,11217.17,17932.65,14574.91,13903.36,12560.27,469
2020-04-14,11352.42,17967.38,14659.9,13998.4,12675.41,470
2020-04-15,10931.66,17312.98,14122.32,13484.19,12207.93,471
2020-04-16,12347.05,18589.79,15468.42,14844.15,13595.6,472
2020-04-17,12228.26,18393.3,15310.78,14694.28,13461.27,473
2020-04-18,13444.01,18979.54,16211.77,15658.22,14551.11,474
2020-04-19,12895.89,18637.02,15766.45,15192.34,14044.11,475
2020-04-20,12209.66,17884.53,15047.1,14479.61,13344.63,476
2020-04-21,12241.14,17912.97,15077.06,14509.87,13375.51,477
2020-04-22,13102.68,18653.2,15877.94,15322.89,14212.79,478
2020-04-23,13285.15,19573.01,16429.08,15800.3,14542.72,479
2020-04-24,13432.56,19640.47,16536.51,15915.72,14674.14,480
2020-04-25,13911.99,19726.64,16819.31,16237.85,15074.92,481
2020-04-26,14155.99,20141.66,17148.83,16550.26,15353.13,482
2020-04-27,14080.86,20366.43,17223.64,16595.09,15337.97,483
2020-04-28,14075.85,20268.71,17172.28,16552.99,15314.42,484
2020-04-29,15431.84,22983.59,19207.71,18452.54,16942.19,485
2020-04-30,14757.07,22548.6,18652.83,17873.68,16315.37,486
2020-05-01,15176.39,23076.81,19126.6,18336.56,16756.47,487
2020-05-02,15330.95,23484.96,19407.95,18592.55,16961.75,488
2020-05-03,15044.01,23287.29,19165.65,18341.32,16692.66,489
2020-05-04,14802.15,23218.24,19010.19,18168.58,16485.36,490
2020-05-05,14699.82,23597.89,19148.86,18259.05,16479.44,491
2020-05-06,14249.02,23929.82,19089.42,18121.34,16185.18,492
2020-05-07,15210.02,26148.74,20679.38,19585.51,17397.76,493
2020-05-08,15142.75,25617.08,20379.92,19332.48,17237.62,494
2020-05-09,15026.83,24926.71,19976.77,18986.79,17006.81,495
2020-05-10,13433.27,22816.6,18124.94,17186.6,15309.94,496
2020-05-11,13304.47,22400.88,17852.68,16943.03,15123.75,497
2020-05-12,13602.86,23055.91,18329.38,17384.08,15493.47,498
2020-05-13,14305.55,24362.3,19333.92,18328.25,16316.9,499
2020-05-14,14554.56,25601.37,20077.97,18973.28,16763.92,500
2020-05-15,13932.02,24338.36,19135.19,18094.56,16013.29,501
2020-05-16,14349.19,24524.08,19436.64,18419.15,16384.17,502
2020-05-17,14815.74,25291.11,20053.42,19005.89,16910.82,503
2020-05-18,15372.45,25426.73,20399.59,19394.16,17383.31,504
2020-05-19,15363.86,25571.1,20467.48,19446.76,17405.31,505
2020-05-20,15023.97,24854.06,19939.01,18956.0,16989.99,506
2020-05-21,14211.09,23684.59,18947.84,18000.49,16105.79,507
2020-05-22,14835.06,23953.9,19394.48,18482.6,16658.83,508
2020-05-23,14787.84,23989.44,19388.64,18468.48,16628.16,509
2020-05-24,14284.79,22787.62,18536.21,17685.92,15985.36,510
2020-05-25,14601.79,23259.48,18930.63,18064.87,16333.33,511
2020-05-26,14376.39,23116.02,18746.2,17872.24,16124.31,512
2020-05-27,14913.06,24067.67,19490.36,18574.9,16743.98,513
2020-05-28,15761.0,25031.7,20396.35,19469.28,17615.14,514
2020-05-29,15786.76,24630.41,20208.58,19324.22,17555.49,515
2020-05-30,17438.28,25365.52,21401.9,20609.18,19023.73,516
2020-05-31,16568.16,24688.82,20628.49,19816.42,18192.29,517
2020-06-01,17775.31,26682.26,22228.79,21338.09,19556.7,518
2020-06-02,16998.21,24888.16,20943.19,20154.19,18576.2,519
2020-06-03,17514.85,25268.73,21391.79,20616.4,19065.62,520
2020-06-04,17401.07,25582.26,21491.67,20673.55,19037.31,521
2020-06-05,17176.39,25125.35,21150.87,20355.97,18766.18,522
2020-06-06,17315.21,25278.22,21296.71,20500.41,18907.81,523
2020-06-07,17517.71,25483.18,21500.45,20703.9,19110.8,524
2020-06-08,17642.22,25565.22,21603.72,20811.42,19226.82,525
2020-06-09,17461.9,25556.05,21508.97,20699.56,19080.73,526
2020-06-10,17745.97,25859.33,21802.65,20991.32,19368.65,527
2020-06-11,16468.69,24217.35,20343.02,19568.16,18018.43,528
2020-06-12,16996.78,24750.32,20873.55,20098.2,18547.49,529
2020-06-13,17042.58,24764.12,20903.35,20131.19,18586.88,530
2020-06-14,16553.85,24372.08,20462.96,19681.14,18117.49,531
2020-06-15,16528.09,24659.97,20594.03,19780.84,18154.46,532
2020-06-16,16840.07,24908.65,20874.36,20067.5,18453.79,533
2020-06-17,16723.43,24718.41,20720.92,19921.42,18322.43,534
2020-06-18,16533.09,24505.74,20519.42,19722.15,18127.62,535
2020-06-19,16362.08,24318.03,20340.05,19544.46,17953.27,536
2020-06-20,16372.09,24452.42,20412.26,19604.22,17988.16,537
2020-06-21,16301.25,24270.51,20285.88,19488.96,17895.1,538
2020-06-22,17411.81,25327.98,21369.9,20578.28,18995.04,539
2020-06-23,17396.78,25152.4,21274.59,20499.03,18947.9,540
2020-06-24,16775.67,24269.91,20522.79,19773.37,18274.52,541
2020-06-25,16621.82,24159.09,20390.46,19636.73,18129.28,542
2020-06-26,16417.89,23928.86,20173.37,19422.28,17920.08,543
2020-06-27,15796.78,23529.08,19662.93,18889.7,17343.24,544
2020-06-28,16095.89,23818.61,19957.25,19184.98,17640.43,545
2020-06-29,16305.55,24004.73,20155.14,19385.22,17845.38,546
2020-06-30,16134.53,23878.62,20006.57,19232.16,17683.35,547
2020-07-01,16531.66,24149.84,20340.75,19578.93,18055.3,548
2020-07-02,16206.08,23761.87,19983.98,19228.4,17717.24,549
2020-07-03,16104.47,23712.06,19908.26,19147.51,17625.99,550
2020-07-04,16410.73,23884.66,20147.7,19400.3,17905.52,551
2020-07-05,16291.23,23717.07,20004.15,19261.57,17776.4,552
2020-07-06,17305.19,24419.93,20862.56,20151.09,18728.14,553
2020-07-07,17128.44,24186.35,20657.4,19951.61,18540.03,554
2020-07-08,17684.44,24660.31,21172.37,20474.78,19079.61,555
2020-07-09,17308.77,24141.95,20725.36,20042.04,18675.4,556
2020-07-10,17259.39,24283.34,20771.37,20068.97,18664.18,557
2020-07-11,17114.13,24136.85,20625.49,19923.22,18518.68,558
2020-07-12,17388.19,24315.54,20851.87,20159.13,18773.66,559
2020-07-13,17133.45,24141.87,20637.66,19936.82,18535.14,560
2020-07-14,17204.29,24194.19,20699.24,20000.25,18602.27,561
2020-07-15,17054.03,24019.65,20536.84,19840.28,18447.15,562
2020-07-16,16701.97,23862.71,20282.34,19566.26,18134.12,563
2020-07-17,16651.16,23928.6,20289.88,19562.14,18106.65,564
2020-07-18,16872.27,23982.25,20427.26,19716.26,18294.27,565
2020-07-19,17119.14,24079.01,20599.08,19903.09,18511.12,566
2020-07-20,16885.87,23943.57,20414.72,19708.95,18297.41,567
2020-07-21,17594.28,24552.78,21073.53,20377.68,18985.98,568
2020-07-22,18910.91,24932.73,21921.82,21319.64,20115.27,569
2020-07-23,19725.22,25125.43,22425.33,21885.31,20805.26,570
2020-07-24,20006.44,24963.3,22484.87,21989.19,20997.81,571
2020-07-25,21871.91,25381.8,23626.86,23275.87,22573.89,572
2020-07-26,22279.07,25982.07,24130.57,23760.27,23019.67,573
2020-07-27,23058.32,28877.73,25968.03,25386.08,24222.2,574
2020-07-28,22725.58,28577.4,25651.49,25066.31,23895.95,575
2020-07-29,22772.09,29037.71,25904.9,25278.34,24025.22,576
2020-07-30,23993.56,29052.95,26523.26,26017.32,25005.44,577
2020-07-31,24820.04,29668.91,27244.47,26759.58,25789.81,578
2020-08-01,27715.21,30867.12,29291.16,28975.97,28345.59,579
2020-08-02,26631.13,28929.04,27780.08,27550.29,27090.71,580
2020-08-03,27642.22,29359.22,28500.72,28329.02,27985.62,581
2020-08-04,27894.1,29264.89,28579.49,28442.41,28168.26,582
2020-08-05,28709.12,30748.44,29728.78,29524.85,29116.99,583
2020-08-06,28284.79,30772.56,29528.68,29279.9,28782.35,584
2020-08-07,27173.52,30335.12,28754.32,28438.16,27805.84,585
2020-08-08,28444.36,30775.41,29609.89,29376.78,28910.57,586
2020-08-09,27936.31,30549.33,29242.82,28981.52,28458.92,587
2020-08-10,28329.16,31101.46,29715.31,29438.08,28883.62,588
2020-08-11,27111.27,29765.37,28438.32,28172.91,27642.09,589
2020-08-12,27711.63,30230.39,28971.01,28719.13,28215.38,590
2020-08-13,30407.16,30830.22,30618.69,30576.38,30491.77,591
2020-08-14,31401.07,30785.92,31093.5,31155.01,31278.04,592
2020-08-15,30951.7,30995.64,30973.67,30969.27,30960.49,593
2020-08-16,31033.99,31151.41,31092.7,31080.96,31057.47,594
2020-08-17,30876.57,32158.75,31517.66,31389.44,31133.0,595
2020-08-18,30218.96,31232.85,30725.91,30624.52,30421.74,596
2020-08-19,29165.65,30749.59,29957.62,29799.23,29482.44,597
2020-08-20,29761.72,31008.76,30385.24,30260.53,30011.13,598
2020-08-21,27768.87,30148.66,28958.77,28720.79,28244.83,599
2020-08-22,28309.12,30508.69,29408.91,29188.95,28749.04,600
2020-08-23,27968.52,30448.79,29208.65,28960.62,28464.57,601
2020-08-24,29189.27,30720.19,29954.73,29801.63,29495.45,602
2020-08-25,27429.7,29599.12,28514.41,28297.47,27863.58,603
2020-08-26,27627.91,29960.72,28794.31,28561.03,28094.47,604
2020-08-27,27417.53,29612.56,28515.04,28295.54,27856.54,605
2020-08-28,28298.39,30141.92,29220.15,29035.8,28667.1,606
2020-08-29,28520.93,29997.57,29259.25,29111.59,28816.26,607
2020-08-30,30693.38,30602.89,30648.13,30657.18,30675.28,608
2020-08-31,31054.03,30461.83,30757.93,30817.15,30935.59,609
2020-09-01,34031.48,31177.36,32604.42,32889.84,33460.66,610
2020-09-02,31486.23,29783.54,30634.88,30805.15,31145.69,611
2020-09-03,27396.78,26587.18,26991.98,27072.94,27234.86,612
2020-09-04,27607.87,27344.69,27476.28,27502.6,27555.23,613
2020-09-05,23989.27,26576.3,25282.79,25024.08,24506.67,614
2020-09-06,25234.35,26810.22,26022.29,25864.7,25549.52,615
2020-09-07,25310.2,27122.66,26216.43,26035.18,25672.69,616
2020-09-08,24134.53,26464.78,25299.65,25066.63,24600.58,617
2020-09-09,25137.03,26723.19,25930.11,25771.49,25454.26,618
2020-09-10,26337.03,27033.35,26685.19,26615.56,26476.29,619
2020-09-11,26757.07,27167.12,26962.09,26921.09,26839.08,620
2020-09-12,27750.27,27294.97,27522.62,27568.15,27659.21,621
2020-09-13,26218.96,27016.44,26617.7,26537.95,26378.46,622
2020-09-14,26996.78,27913.41,27455.1,27363.43,27180.11,623
2020-09-15,26060.82,28184.71,27122.76,26910.38,26485.6,624
2020-09-16,26134.53,28622.1,27378.31,27129.55,26632.04,625
2020-09-17,27867.62,28602.52,28235.07,28161.58,28014.6,626
2020-09-18,27509.84,28586.6,28048.22,27940.54,27725.19,627
2020-09-19,27565.65,28958.99,28262.32,28122.99,27844.32,628
2020-09-20,26537.39,28543.14,27540.26,27339.69,26938.54,629
2020-09-21,24337.03,27225.69,25781.36,25492.49,24914.76,630
2020-09-22,24633.99,27524.45,26079.22,25790.17,25212.08,631
2020-09-23,22943.11,26739.24,24841.18,24461.56,23702.34,632
2020-09-24,24983.18,28070.38,26526.78,26218.06,25600.62,633
2020-09-25,25180.68,27941.06,26560.87,26284.83,25732.76,634
2020-09-26,25343.11,28044.22,26693.67,26423.56,25883.33,635
2020-09-27,25584.97,28170.2,26877.59,26619.06,26102.02,636
2020-09-28,25320.21,27954.18,26637.2,26373.8,25847.01,637
2020-09-29,25753.13,28337.47,27045.3,26786.87,26270.0,638
2020-09-30,25752.42,28185.46,26968.94,26725.63,26239.02,639
2020-10-01,25259.39,27746.53,26502.96,26254.25,25756.82,640
2020-10-02,24737.03,27642.25,26189.64,25899.12,25318.07,641
2020-10-03,24771.38,27578.08,26174.73,25894.06,25332.72,642
2020-10-04,25222.18,27890.31,26556.24,26289.43,25755.81,643
2020-10-05,25300.18,28224.56,26762.37,26469.93,25885.06,644
2020-10-06,24384.97,27711.4,26048.19,25715.55,25050.26,645
2020-10-07,24449.37,27885.16,26167.27,25823.69,25136.53,646
2020-10-08,25134.17,28575.02,26854.6,26510.51,25822.34,647
2020-10-09,26143.83,28899.06,27521.44,27245.92,26694.87,648
2020-10-10,26529.52,29532.68,28031.1,27730.78,27130.15,649
2020-10-11,26805.72,29727.42,28266.57,27974.4,27390.06,650
2020-10-12,27692.31,30149.68,28921.0,28675.26,28183.78,651
2020-10-13,27289.45,29869.11,28579.28,28321.31,27805.38,652
2020-10-14,27125.58,29867.75,28496.67,28222.45,27674.02,653
2020-10-15,27044.01,30081.13,28562.57,28258.86,27651.43,654
2020-10-16,26158.86,29609.65,27884.25,27539.17,26849.02,655
2020-10-17,26367.08,29711.43,28039.26,27704.82,27035.95,656
2020-10-18,27089.8,30093.83,28591.82,28291.41,27690.61,657
2020-10-19,27145.62,30737.43,28941.53,28582.34,27863.98,658
2020-10-20,26390.7,31164.45,28777.57,28300.2,27345.45,659
2020-10-21,28020.04,33475.34,30747.69,30202.16,29111.1,660
2020-10-22,29674.42,33943.23,31808.83,31381.94,30528.18,661
2020-10-23,29303.76,33817.73,31560.74,31109.34,30206.55,662
2020-10-24,29522.72,34307.1,31914.91,31436.47,30479.6,663
2020-10-25,29084.79,34094.77,31589.78,31088.78,30086.79,664
2020-10-26,28130.23,34164.68,31147.46,30544.01,29337.12,665
2020-10-27,28883.72,35702.15,32292.94,31611.09,30247.41,666
2020-10-28,27808.94,34711.72,31260.33,30570.05,29189.5,667
2020-10-29,27716.64,35179.43,31448.03,30701.75,29209.19,668
2020-10-30,27389.62,35470.87,31430.25,30622.12,29005.87,669
2020-10-31,27673.7,36080.63,31877.17,31036.47,29355.09,670
2020-11-01,28401.43,35968.74,32185.09,31428.36,29914.89,671
2020-11-02,27429.7,35449.2,31439.45,30637.5,29033.6,672
2020-11-03,27793.92,36699.46,32246.69,31356.13,29575.03,673
2020-11-04,28850.09,37023.44,32936.77,32119.43,30484.76,674
2020-11-05,29851.16,40794.05,35322.6,34228.32,32039.74,675
2020-11-06,32676.21,40772.46,36724.33,35914.71,34295.46,676
2020-11-07,31187.84,38770.78,34979.31,34221.02,32704.43,677
2020-11-08,32530.23,40466.53,36498.38,35704.75,34117.49,678
2020-11-09,31828.98,40098.93,35963.95,35136.96,33482.97,679
2020-11-10,32264.04,40027.78,36145.91,35369.54,33816.79,680
2020-11-11,33187.12,41062.36,37124.74,36337.22,34762.17,681
2020-11-12,33129.16,42602.13,37865.64,36918.35,35023.75,682
2020-11-13,34136.67,42705.52,38421.1,37564.21,35850.44,683
2020-11-14,32998.93,42043.7,37521.31,36616.84,34807.88,684
2020-11-15,32098.75,41753.98,36926.36,35960.84,34029.79,685
2020-11-16,32976.74,43702.73,38339.74,37267.14,35121.94,686
2020-11-17,34538.82,46207.26,40373.04,39206.2,36872.51,687
2020-11-18,34272.63,46522.57,40397.6,39172.61,36722.62,688
2020-11-19,33767.44,46578.97,40173.21,38892.05,36329.75,689
2020-11-20,36524.51,48810.15,42667.33,41438.76,38981.64,690
2020-11-21,39575.67,48930.27,44252.97,43317.51,41446.59,691
2020-11-22,40130.23,48182.74,44156.49,43351.24,41740.74,692
2020-11-23,43602.86,48051.07,45826.97,45382.15,44492.5,693
2020-11-24,43323.79,50110.66,46717.23,46038.54,44681.17,694
2020-11-25,40752.77,48932.15,44842.46,44024.52,42388.65,695
2020-11-26,37233.63,44875.98,41054.81,40290.57,38762.1,696
2020-11-27,37142.75,44808.55,40975.65,40209.07,38675.91,697
2020-11-28,38508.05,46365.36,42436.7,41650.97,40079.51,698
2020-11-29,41232.2,47573.35,44402.78,43768.66,42500.43,699
2020-11-30,44150.27,51524.89,47837.58,47100.12,45625.19,700
2020-12-01,41934.17,49091.69,45512.93,44797.18,43365.67,701
2020-12-02,42772.09,50248.63,46510.36,45762.71,44267.4,702
2020-12-03,44133.81,50830.87,47482.34,46812.64,45473.22,703
2020-12-04,40628.98,48765.32,44697.15,43883.52,42256.25,704
2020-12-05,42739.89,50058.81,46399.35,45667.46,44203.68,705
2020-12-06,43073.35,50640.6,46856.97,46100.25,44586.8,706
2020-12-07,42336.31,50123.39,46229.85,45451.14,43893.73,707
2020-12-08,39698.75,47871.78,43785.26,42967.96,41333.35,708
2020-12-09,41028.98,48473.77,44751.38,44006.9,42517.94,709
2020-12-10,39959.21,47707.69,43833.45,43058.6,41508.91,710
2020-12-11,38943.11,47127.62,43035.37,42216.92,40580.01,711
2020-12-12,40689.8,49191.81,44940.81,44090.61,42390.21,712
2020-12-13,42269.05,50094.48,46181.77,45399.22,43834.14,713
2020-12-14,41959.93,50370.8,46165.36,45324.28,43642.1,714
2020-12-15,42152.42,50820.94,46486.68,45619.83,43886.12,715
2020-12-16,45651.52,55826.17,50738.84,49721.38,47686.45,716
2020-12-17,46037.21,59659.91,52848.56,51486.29,48761.75,717
2020-12-18,46869.41,60473.48,53671.45,52311.04,49590.22,718
2020-12-19,47152.77,62334.99,54743.88,53225.66,50189.22,719
2020-12-20,45672.99,61358.85,53515.92,51947.33,48810.16,720
2020-12-21,43511.27,59406.18,51458.73,49869.24,46690.25,721
2020-12-22,45614.31,62265.15,53939.73,52274.65,48944.48,722
2020-12-23,41896.24,60710.25,51303.25,49421.85,45659.05,723
2020-12-24,43811.81,61989.91,52900.86,51083.05,47447.43,724
2020-12-25,44847.94,64568.91,54708.43,52736.33,48792.14,725
2020-12-26,45559.93,69196.7,57378.32,55014.64,50287.28,726
2020-12-27,48953.13,68630.33,58791.73,56824.01,52888.57,727
2020-12-28,52214.67,70683.28,61448.97,59602.11,55908.39,728
2020-12-29,52367.8,71525.44,61946.62,60030.86,56199.33,729
2020-12-30,53846.15,75527.09,64686.62,62518.53,58182.34,730
2020-12-31,52784.97,75769.27,64277.12,61978.69,57381.83,731
2021-01-01,52296.96,76874.21,64585.58,62127.86,57212.41,732
2021-01-02,55477.64,84226.52,69852.08,66977.19,61227.42,733
2021-01-03,70156.71,86460.52,78308.61,76678.23,73417.47,734
2021-01-04,74588.91,83651.45,79120.18,78213.92,76401.42,735
2021-01-05,78978.89,88965.4,83972.14,82973.49,80976.19,736
2021-01-06,86727.73,96336.37,91532.05,90571.19,88649.46,737
2021-01-07,87823.97,103252.82,95538.39,93995.51,90909.74,738
2021-01-08,87109.12,106288.57,96698.85,94780.9,90945.01,739
2021-01-09,91695.89,105217.92,98456.9,97104.7,94400.29,740
2021-01-10,89812.52,99781.97,94797.25,93800.3,91806.41,741
2021-01-11,77909.84,92750.95,85330.39,83846.28,80878.06,742
2021-01-12,75119.14,88965.21,82042.18,80657.57,77888.36,743
2021-01-13,80915.92,97723.79,89319.86,87639.07,84277.5,744
2021-01-14,88108.77,102258.54,95183.65,93768.68,90938.72,745
2021-01-15,83584.97,96063.01,89823.99,88576.19,86080.58,746
2021-01-16,87809.66,94139.31,90974.48,90341.52,89075.59,747
2021-01-17,88228.26,93620.14,90924.2,90385.01,89306.64,748
2021-01-18,90052.24,95722.09,92887.16,92320.18,91186.21,749
2021-01-19,97891.95,93874.39,95883.17,96284.93,97088.44,750
2021-01-20,98524.51,92791.85,95658.18,96231.45,97377.98,751
2021-01-21,79471.91,80645.96,80058.94,79941.53,79706.72,752
2021-01-22,88271.91,86210.32,87241.12,87447.28,87859.6,753
2021-01-23,88339.89,83928.83,86134.36,86575.47,87457.68,754
2021-01-24,99749.55,84390.27,92069.91,93605.84,96677.7,755
2021-01-25,94309.12,84320.51,89314.82,90313.68,92311.4,756
2021-01-26,97887.66,84954.73,91421.19,92714.49,95301.07,757
2021-01-27,88798.57,79472.91,84135.74,85068.31,86933.44,758
2021-01-28,95398.21,87527.74,91462.98,92250.02,93824.12,759
2021-01-29,98703.4,89535.61,94119.5,95036.28,96869.84,760
2021-01-30,98747.76,89688.27,94218.02,95123.97,96935.87,761
2021-01-31,94020.75,86609.71,90315.23,91056.33,92538.54,762
2021-02-01,98361.36,87645.12,93003.24,94074.86,96218.11,763
2021-02-02,108312.7,92816.89,100564.8,102114.38,105213.54,764
2021-02-03,119340.25,98477.22,108908.74,110995.04,115167.64,765
2021-02-04,114314.85,96638.88,105476.86,107244.46,110779.65,766
2021-02-05,123152.77,100131.96,111642.37,113944.45,118548.61,767
2021-02-06,120176.03,102603.17,111389.6,113146.89,116661.46,768
2021-02-07,115586.4,101595.41,108590.91,109990.01,112788.21,769
2021-02-08,125436.85,121339.75,123388.3,123798.01,124617.43,770
2021-02-09,126809.3,121572.18,124190.74,124714.45,125761.88,771
2021-02-10,124757.07,117221.19,120989.13,121742.72,123249.89,772
2021-02-11,127942.75,125405.71,126674.23,126927.94,127435.35,773
2021-02-12,132021.47,123907.74,127964.6,128775.98,130398.72,774
2021-02-13,130090.16,123448.03,126769.09,127433.31,128761.73,775
2021-02-14,129069.77,127233.19,128151.48,128335.14,128702.45,776
2021-02-15,127343.11,125287.81,126315.46,126520.99,126932.05,777
2021-02-16,127511.27,128482.55,127996.91,127899.78,127705.53,778
2021-02-17,132522.36,136352.97,134437.67,134054.6,133288.48,779
2021-02-18,138793.56,134867.7,136830.63,137223.22,138008.39,780
2021-02-19,140084.44,146320.17,143202.3,142578.73,141331.58,781
2021-02-20,137063.33,146163.25,141613.29,140703.3,138883.31,782
2021-02-21,138502.33,150265.05,144383.69,143207.41,140854.87,783
2021-02-22,127274.42,141507.36,134390.89,132967.59,130121.01,784
2021-02-23,112903.76,127806.36,120355.06,118864.8,115884.28,785
2021-02-24,116300.54,129996.13,123148.33,121778.77,119039.66,786
2021-02-25,106023.61,123001.23,114512.42,112814.66,109419.14,787
2021-02-26,103411.81,121079.43,112245.62,110478.86,106945.33,788
2021-02-27,104513.06,120699.28,112606.17,110987.55,107750.3,789
2021-02-28,101745.97,118218.94,109982.46,108335.16,105040.57,790
2021-03-01,112473.7,129738.9,121106.3,119379.78,115926.74,791
2021-03-02,106500.18,126791.25,116645.71,114616.61,110558.39,792
2021-03-03,112190.34,131622.28,121906.31,119963.12,116076.73,793
2021-03-04,110174.6,126316.61,118245.61,116631.4,113403.0,794
2021-03-05,109396.78,127465.23,118431.0,116624.16,113010.47,795
2021-03-06,118198.93,127832.1,123015.51,122052.2,120125.56,796
2021-03-07,123665.12,133239.09,128452.11,127494.71,125579.91,797
2021-03-08,131211.45,136993.88,134102.67,133524.42,132367.94,798
2021-03-09,133952.77,143530.96,138741.87,137784.05,135868.41,799
2021-03-10,128470.13,146077.44,137273.78,135513.05,131991.59,800
2021-03-11,130736.31,151108.1,140922.21,138885.03,134810.67,801
2021-03-12,126496.6,149588.35,138042.48,135733.3,131114.95,802
2021-03-13,137503.4,159888.4,148695.9,146457.4,141980.4,803
2021-03-14,132300.54,154132.67,143216.6,141033.39,136666.96,804
2021-03-15,128448.66,145408.67,136928.66,135232.66,131840.66,805
2021-03-16,129232.92,148692.14,138962.53,137016.61,133124.76,806
2021-03-17,130571.74,154009.41,142290.57,139946.8,135259.27,807
2021-03-18,127112.7,150662.42,138887.56,136532.59,131822.65,808
2021-03-19,129472.63,151694.05,140583.34,138361.2,133916.91,809
2021-03-20,129264.4,151895.4,140579.9,138316.8,133790.6,810
2021-03-21,127656.53,149998.69,138827.61,136593.39,132124.96,811
2021-03-22,120287.66,141423.56,130855.61,128742.02,124514.84,812
2021-03-23,119362.43,142080.89,130721.66,128449.82,123906.12,813
2021-03-24,113187.12,136630.41,124908.76,122564.43,117875.78,814
2021-03-25,113565.65,134144.46,123855.05,121797.17,117681.41,815
2021-03-26,121652.95,143938.84,132795.9,130567.31,126110.13,816
2021-03-27,122639.0,145988.16,134313.58,131978.66,127308.83,817
2021-03-28,120709.84,145785.06,133247.45,130739.93,125724.88,818
2021-03-29,129927.01,150580.17,140253.59,138188.28,134057.64,819
2021-03-30,131746.69,153645.91,142696.3,140506.38,136126.53,820
2021-03-31,137388.19,153681.29,145534.74,143905.43,140646.81,821
2021-04-01,140850.09,153489.14,147169.61,145905.71,143377.9,822
2021-04-02,152749.91,154154.47,153452.19,153311.73,153030.82,823
2021-04-03,143774.6,149145.13,146459.87,145922.81,144848.7,824
2021-04-04,148576.74,152154.78,150365.76,150007.96,149292.35,825
2021-04-05,150785.69,154517.66,152651.67,152278.48,151532.08,826
2021-04-06,151198.57,151642.61,151420.59,151376.19,151287.38,827
2021-04-07,140558.14,146247.48,143402.81,142833.88,141696.01,828
2021-04-08,148929.52,151807.58,150368.55,150080.74,149505.13,829
2021-04-09,147947.76,151832.62,149890.19,149501.71,148724.74,830
2021-04-10,152635.42,156238.99,154437.21,154076.85,153356.13,831
2021-04-11,153884.79,156779.12,155331.96,155042.53,154463.66,832
2021-04-12,152989.62,156399.0,154694.31,154353.37,153671.5,833
2021-04-13,164573.88,166193.25,165383.57,165221.63,164897.76,834
2021-04-14,174063.69,164584.83,169324.26,170272.14,172167.91,835
2021-04-15,180132.38,165257.15,172694.77,174182.29,177157.33,836
2021-04-16,173641.5,160548.0,167094.75,168404.1,171022.8,837
2021-04-17,165917.71,157040.33,161479.02,162366.76,164142.23,838
2021-04-18,160246.15,147059.67,153652.91,154971.56,157608.86,839
2021-04-19,154835.06,145570.76,150202.91,151129.34,152982.2,840
2021-04-20,166912.34,147668.1,157290.22,159214.64,163063.49,841
2021-04-21,168673.35,140629.47,154651.41,157455.79,163064.57,842
2021-04-22,171822.54,135082.59,153452.57,157126.56,164474.55,843
2021-04-23,169578.53,133784.01,151681.27,155260.72,162419.63,844
2021-04-24,158620.39,130914.38,144767.39,147537.99,153079.19,845
2021-04-25,166165.3,128383.99,147274.64,151052.77,158609.03,846
2021-04-26,181323.79,141275.97,161299.88,165304.66,173314.23,847
2021-04-27,190902.33,143931.47,167416.9,172113.98,181508.15,848
2021-04-28,196893.74,143472.54,170183.14,175525.26,186209.5,849
2021-04-29,197418.25,140038.16,168728.2,174466.21,185942.23,850
2021-04-30,198672.63,151064.45,174868.54,179629.36,189150.99,851
2021-05-01,210917.35,151222.6,181069.98,187039.45,198978.4,852
2021-05-02,211240.79,147997.18,179618.98,185943.34,198592.07,853
2021-05-03,245723.79,149532.76,197628.28,207247.38,226485.59,854
2021-05-04,231843.29,139154.54,185498.92,194767.79,213305.54,855
2021-05-05,252569.59,150304.96,201437.27,211663.74,232116.66,856
2021-05-06,249928.44,147514.86,198721.65,208963.01,229445.73,857
2021-05-07,249352.42,149970.96,199661.69,209599.83,229476.12,858
2021-05-08,280304.83,154094.38,217199.6,229820.65,255062.74,859
2021-05-09,281104.83,152418.91,216761.87,229630.46,255367.65,860
2021-05-10,282608.23,146013.98,214311.11,227970.53,255289.38,861
2021-05-11,299088.37,148331.7,223710.03,238785.7,268937.04,862
2021-05-12,273891.95,129246.49,201569.22,216033.77,244962.86,863
2021-05-13,266134.53,129871.44,198002.98,211629.29,238881.91,864
2021-05-14,291986.4,130402.97,211194.69,227353.03,259669.72,865
2021-05-15,261147.76,122253.76,191700.76,205590.16,233368.96,866
2021-05-16,256573.88,121405.06,188989.47,202506.35,229540.12,867
2021-05-17,234942.4,113903.19,174422.79,186526.71,210734.56,868
2021-05-18,241571.38,112066.46,176818.92,189769.41,215670.39,869
2021-05-19,175091.95,96030.68,135561.32,143467.44,159279.7,870
2021-05-20,198805.01,106174.25,152489.63,161752.71,180278.86,871
2021-05-21,174229.7,97580.2,135904.95,143569.9,158899.8,872
2021-05-22,164378.53,97950.47,131164.5,137807.31,151092.92,873
2021-05-23,150243.29,90742.01,120492.65,126442.78,138343.04,874
2021-05-24,189745.97,101614.07,145680.02,154493.21,172119.59,875
2021-05-25,193743.11,100263.48,147003.3,156351.26,175047.19,876
2021-05-26,206769.95,102697.86,154733.91,165141.11,185955.53,877
2021-05-27,196458.68,100831.13,148644.9,158207.66,177333.17,878
2021-05-28,172723.43,93255.46,132989.45,140936.24,156829.84,879
2021-05-29,163200.0,90504.22,126852.11,134121.69,148660.84,880
2021-05-30,170852.24,93226.63,132039.43,139801.99,155327.11,881
2021-05-31,193711.63,97434.23,145572.93,155200.67,174456.15,882
2021-06-01,188509.48,95880.92,142195.2,151458.06,169983.77,883
2021-06-02,193677.28,98214.66,145945.97,155492.23,174584.76,884
2021-06-03,204413.6,102581.09,153497.34,163680.59,184047.09,885
2021-06-04,192535.24,96329.21,144432.23,154052.83,173294.04,886
2021-06-05,188175.31,92874.21,140524.76,150054.87,169115.09,887
2021-06-06,193987.12,93569.12,143778.12,153819.92,173903.52,888
2021-06-07,185507.69,87754.92,136631.31,146406.58,165957.14,889
2021-06-08,179542.75,87300.72,133421.74,142645.94,161094.35,890
2021-06-09,186852.95,97786.26,142319.6,151226.27,169039.61,891
2021-06-10,176857.96,95904.58,136381.27,144476.61,160667.28,892
2021-06-11,168534.53,97588.77,133061.65,140156.22,154345.38,893
2021-06-12,169695.17,92933.61,131314.39,138990.55,154342.86,894
2021-06-13,179644.36,102021.9,140833.13,148595.38,164119.87,895
2021-06-14,184820.04,105955.07,145387.55,153274.05,169047.04,896
2021-06-15,182009.3,104969.47,143489.39,151193.37,166601.34,897
2021-06-16,169426.12,100235.23,134830.67,141749.76,155587.94,898
2021-06-17,169826.83,99566.58,134696.71,141722.73,155774.78,899
2021-06-18,159918.43,93677.14,126797.78,133421.91,146670.17,900
2021-06-19,155010.38,92744.02,123877.2,130103.83,142557.1,901
2021-06-20,160493.74,93007.97,126750.86,133499.43,146996.59,902
2021-06-21,134931.66,82616.29,108773.98,114005.52,124468.59,903
2021-06-22,134644.01,85043.18,109843.59,114803.68,124723.84,904
2021-06-23,140849.37,88048.8,114449.09,119729.14,130289.26,905
2021-06-24,142311.99,90574.16,116443.07,121616.86,131964.42,906
2021-06-25,129450.45,82576.59,106013.52,110700.91,120075.68,907
2021-06-26,130948.84,84355.32,107652.08,112311.43,121630.13,908
2021-06-27,142018.6,90628.32,116323.46,121462.49,131740.55,909
2021-06-28,149290.16,90152.43,119721.29,125635.07,137462.61,910
2021-06-29,154890.88,93840.41,124365.64,130470.69,142680.78,911
2021-06-30,162913.77,91633.78,127273.78,134401.78,148657.78,912
2021-07-01,150769.95,87598.63,119184.29,125501.42,138135.68,913
2021-07-02,154275.49,88353.73,121314.61,127906.79,141091.14,914
2021-07-03,159352.42,90662.29,125007.35,131876.37,145614.39,915
2021-07-04,166236.14,92219.36,129227.75,136629.43,151432.78,916
2021-07-05,157233.63,88073.44,122653.54,129569.56,143401.59,917
2021-07-06,166199.36,89453.31,127826.33,135500.94,150850.15,918
2021-07-07,165783.18,88563.03,127173.11,134895.12,150339.15,919
2021-07-08,151481.22,85941.82,118711.52,125265.46,138373.34,920
2021-07-09,153658.68,88404.01,121031.35,127556.81,140607.74,921
2021-07-10,151023.26,87596.64,119309.95,125652.61,138337.93,922
2021-07-11,153189.27,89508.64,121348.95,127717.02,140453.14,923
2021-07-12,145310.91,86524.14,115917.52,121796.2,133553.56,924
2021-07-13,138873.7,85554.85,112214.28,117546.16,128209.93,925
2021-07-14,142676.92,85782.31,114229.62,119919.08,131298.0,926
2021-07-15,137250.09,83292.86,110271.47,115667.2,126458.64,927
2021-07-16,134327.01,82036.7,108181.85,113410.89,123868.95,928
2021-07-17,135939.18,82417.89,109178.53,114530.66,125234.92,929
2021-07-18,135345.97,83082.64,109214.31,114440.64,124893.31,930
2021-07-19,130120.93,80609.58,105365.25,110316.39,120218.66,931
2021-07-20,127832.56,77876.06,102854.31,107849.96,117841.26,932
2021-07-21,142839.36,84021.59,113430.47,119312.25,131075.8,933
2021-07-22,144845.08,84388.12,114616.6,120662.3,132753.69,934
2021-07-23,152115.21,87941.4,120028.3,126445.68,139280.45,935
2021-07-24,156418.6,89652.07,123035.34,129711.99,143065.3,936
2021-07-25,156994.63,92596.27,124795.45,131235.29,144114.96,937
2021-07-26,159446.15,97391.0,128418.58,134624.09,147035.12,938
2021-07-27,164621.82,103161.13,133891.48,140037.55,152329.69,939
2021-07-28,164609.66,104636.84,134623.25,140620.53,152615.1,940
2021-07-29,170541.68,104545.1,137543.39,144143.05,157342.36,941
2021-07-30,176301.97,110394.27,143348.12,149938.89,163120.43,942
2021-07-31,181305.19,108435.48,144870.34,152157.31,166731.25,943
2021-08-01,182857.25,104193.33,143525.29,151391.68,167124.46,944
2021-08-02,186733.45,102329.53,144531.49,152971.88,169852.67,945
2021-08-03,179485.51,99818.2,139651.85,147618.58,163552.05,946
2021-08-04,194978.75,103819.58,149399.16,158515.08,176746.91,947
2021-08-05,202457.96,106867.93,154662.95,164221.95,183339.96,948
2021-08-06,207011.09,112045.11,159528.1,169024.7,188017.9,949
2021-08-07,226342.04,116665.38,171503.71,182471.37,204406.71,950
2021-08-08,215595.71,114596.06,165095.89,175195.85,195395.78,951
2021-08-09,226618.96,120956.67,173787.81,184354.04,205486.5,952
2021-08-10,224836.49,119172.89,172004.69,182571.05,203703.77,953
2021-08-11,226304.83,119024.2,172664.52,183392.58,204848.7,954
2021-08-12,218047.23,116102.92,167075.08,177269.51,197658.37,955
2021-08-13,237854.74,125019.31,181437.03,192720.57,215287.66,956
2021-08-14,233740.25,123127.07,178433.66,189494.98,211617.62,957
2021-08-15,236918.07,122878.36,179898.21,191302.19,214110.13,958
2021-08-16,225159.21,119971.93,172565.57,183084.3,204121.76,959
2021-08-17,215456.89,116754.87,166105.88,175976.08,195716.48,960
2021-08-18,215698.03,116850.0,166274.02,176158.82,195928.43,961
2021-08-19,227919.86,122228.56,175074.21,185643.34,206781.6,962
2021-08-20,235175.67,128962.65,182069.16,192690.46,213933.07,963
2021-08-21,230840.07,127720.19,179280.13,189592.12,210216.09,964
2021-08-22,231944.19,128811.66,180377.92,190691.18,211317.68,965
2021-08-23,237790.34,129391.55,183590.94,194430.82,216110.58,966
2021-08-24,226942.4,124624.16,175783.28,186015.1,206478.75,967
2021-08-25,231020.39,128034.63,179527.51,189826.09,210423.24,968
2021-08-26,221305.19,122445.57,171875.38,181761.34,201533.26,969
2021-08-27,234412.88,128270.48,181341.68,191955.92,213184.4,970
2021-08-28,232298.39,127918.61,180108.5,190546.48,211422.43,971
2021-08-29,230873.7,127551.76,179212.73,189544.93,210209.32,972
2021-08-30,231056.17,122824.05,176940.11,187763.32,209409.75,973
2021-08-31,245454.74,123134.52,184294.63,196526.65,220990.7,974
2021-09-01,274017.17,127649.2,200833.19,215469.98,244743.58,975
2021-09-02,271053.31,128797.91,199925.61,214151.15,242602.23,976
2021-09-03,281936.31,130729.99,206333.15,221453.78,251695.05,977
2021-09-04,278177.46,130532.34,204354.9,219119.41,248648.44,978
2021-09-05,282835.78,135357.6,209096.69,223844.51,253340.14,979
2021-09-06,281137.03,137735.06,209436.04,223776.24,252456.64,980
2021-09-07,245605.01,122564.75,184084.88,196388.91,220996.96,981
2021-09-08,250471.56,120384.62,185428.09,198436.78,224454.17,982
2021-09-09,245076.92,121272.31,183174.62,195555.08,220316.0,983
2021-09-10,229683.01,117224.98,173453.99,184699.8,207191.4,984
2021-09-11,233758.14,118062.34,175910.24,187479.82,210618.98,985
2021-09-12,243559.93,120290.19,181925.06,194252.03,218905.98,986
2021-09-13,235148.48,117476.59,176312.54,188079.73,211614.1,987
2021-09-14,245925.58,123173.0,184549.29,196824.55,221375.06,988
2021-09-15,258722.72,125841.25,192281.98,205570.13,232146.42,989
2021-09-16,255360.29,124808.97,190084.63,203139.76,229250.02,990
2021-09-17,243291.59,123633.73,183462.66,195428.45,219360.02,991
2021-09-18,245889.8,126276.26,186083.03,198044.39,221967.09,992
2021-09-19,238181.75,123509.37,180845.56,192312.8,215247.28,993
2021-09-20,212986.05,112419.88,162702.96,172759.58,192872.81,994
2021-09-21,197902.68,106425.86,152164.27,161311.96,179607.32,995
2021-09-22,220281.22,113926.79,167104.0,177739.45,199010.33,996
2021-09-23,225733.09,117345.57,171539.33,182378.09,204055.59,997
2021-09-24,209703.76,111991.11,160847.44,170618.7,190161.23,998
2021-09-25,209231.48,111616.29,160423.89,170185.41,189708.45,999
2021-09-26,219013.24,112851.26,165932.25,176548.45,197780.84,1000
2021-09-27,209321.65,110221.27,159771.46,169681.5,189501.57,1001
2021-09-28,200762.08,107226.86,153994.47,163347.99,182055.03,1002
2021-09-29,203945.62,108523.46,156234.54,165776.75,184861.19,1003
2021-09-30,214701.97,114540.73,164621.35,174637.47,194669.72,1004
2021-10-01,236934.53,125887.35,181410.94,192515.66,214725.09,1005
2021-10-02,242420.04,124559.45,183489.74,195275.8,218847.92,1006
2021-10-03,244727.73,126065.68,185396.7,197262.91,220995.32,1007
2021-10-04,242375.67,128709.5,185542.58,196909.2,219642.44,1008
2021-10-05,251592.13,134586.11,193089.12,204789.72,228190.92,1009
2021-10-06,255874.78,144636.78,200255.78,211379.58,233627.18,1010
2021-10-07,256780.68,140607.46,198694.07,210311.39,233546.04,1011
2021-10-08,255023.97,141041.32,198032.65,209430.91,232227.44,1012
2021-10-09,255873.35,143650.95,199762.15,210984.39,233428.87,1013
2021-10-10,244364.94,142940.67,193652.8,203795.23,224080.08,1014
2021-10-11,253529.16,150250.75,201889.96,212217.8,232873.48,1015
2021-10-12,249775.31,146376.47,198075.89,208415.77,229095.54,1016
2021-10-13,258190.34,149936.8,204063.57,214888.92,236539.63,1017
2021-10-14,271317.35,149916.39,210616.87,222756.97,247037.16,1018
2021-10-15,276903.76,161248.77,219076.26,230641.76,253772.76,1019
2021-10-16,274036.49,159108.49,216572.49,228065.29,251050.89,1020
2021-10-17,275290.16,160808.94,218049.55,229497.67,252393.92,1021
2021-10-18,268012.88,162155.75,215084.31,225670.03,246841.45,1022
2021-10-19,277507.69,168064.45,222786.07,233730.4,255619.04,1023
2021-10-20,297813.24,172536.0,235174.62,247702.34,272757.79,1024
2021-10-21,290082.29,162578.13,226330.21,239080.63,264581.46,1025
2021-10-22,284189.62,158614.88,221402.25,233959.73,259074.68,1026
2021-10-23,298286.94,160207.26,229247.1,243055.07,270671.0,1027
2021-10-24,292138.82,159050.94,225594.88,238903.67,265521.24,1028
2021-10-25,302034.35,164876.87,233455.61,247171.36,274602.85,1029
2021-10-26,295632.92,157700.06,226666.49,240459.77,268046.34,1030
2021-10-27,280782.83,152780.82,216781.82,229582.02,255182.43,1031
2021-10-28,306852.24,158364.0,232608.12,247456.94,277154.59,1032
2021-10-29,316018.6,162768.15,239393.37,254718.42,285368.51,1033
2021-10-30,309457.6,161763.7,235610.65,250380.04,279918.82,1034
2021-10-31,306988.19,160329.53,233658.86,248324.73,277656.46,1035
2021-11-01,309330.23,159299.39,234314.81,249317.9,279324.06,1036
2021-11-02,328802.15,165355.09,247078.62,263423.32,296112.73,1037
2021-11-03,329593.56,164489.72,247041.64,263552.02,296572.79,1038
2021-11-04,324661.9,160593.03,242627.46,259034.35,291848.12,1039
2021-11-05,320534.53,159447.35,239990.94,256099.65,288317.09,1040
2021-11-06,323660.82,160840.83,242250.83,258532.83,291096.82,1041
2021-11-07,330377.1,165442.62,247909.86,264403.31,297390.21,1042
2021-11-08,344322.0,176563.18,260442.59,277218.48,310770.24,1043
2021-11-09,338575.31,174968.4,256771.86,273132.55,305853.93,1044
2021-11-10,331464.76,169656.31,250560.53,266741.38,299103.07,1045
2021-11-11,337879.79,169382.9,253631.34,270481.03,304180.41,1046
2021-11-12,333977.82,167658.71,250818.27,267450.18,300714.0,1047
2021-11-13,332339.18,168317.63,250328.41,266730.56,299534.87,1048
2021-11-14,331093.38,171205.72,251149.55,267138.32,299115.85,1049
2021-11-15,326659.03,166242.62,246450.83,262492.47,294575.75,1050
2021-11-16,301216.46,157099.87,229158.16,243569.82,272393.14,1051
2021-11-17,306933.81,157736.36,232335.09,247254.83,277094.32,1052
2021-11-18,286077.28,148710.17,217393.73,231130.44,258603.86,1053
2021-11-19,307660.11,151909.67,229784.89,245359.93,276510.02,1054
2021-11-20,316042.22,156192.36,236117.29,252102.28,284072.25,1055
2021-11-21,305044.01,153344.69,229194.35,244364.28,274704.14,1056
2021-11-22,292605.37,147097.07,219851.22,234402.05,263503.71,1057
2021-11-23,310670.48,150458.3,230564.39,246585.61,278628.05,1058
2021-11-24,305598.57,149401.9,227500.23,243119.9,274359.23,1059
2021-11-25,323854.74,154178.25,239016.5,255984.14,289919.44,1060
2021-11-26,289350.27,140502.52,214926.4,229811.17,259580.72,1061
2021-11-27,293260.11,143119.76,218189.93,233203.97,263232.04,1062
2021-11-28,307576.39,149805.73,228691.06,244468.12,276022.25,1063
2021-11-29,318384.26,151167.14,234775.7,251497.41,284940.83,1064
2021-11-30,331328.09,148945.32,240136.7,258374.98,294851.53,1065
2021-12-01,328225.4,149568.75,238897.08,256762.74,292494.07,1066
2021-12-02,323047.58,147726.04,235386.81,252918.97,287983.28,1067
2021-12-03,301887.66,140189.85,221038.76,237208.54,269548.1,1068
2021-12-04,295036.14,128697.94,211867.04,228500.86,261768.5,1069
2021-12-05,300767.08,129333.32,215050.2,232193.58,266480.33,1070
2021-12-06,311637.21,131965.97,221801.59,239768.71,275702.96,1071
2021-12-07,308421.47,132380.49,220400.98,238005.08,273213.27,1072
2021-12-08,317746.69,132039.62,224893.16,243463.86,280605.28,1073
2021-12-09,293814.67,124326.15,209070.41,226019.26,259916.97,1074
2021-12-10,279098.39,123287.26,201192.83,216773.94,247936.16,1075
2021-12-11,292579.61,129133.45,210856.53,227201.14,259890.38,1076
2021-12-12,295736.67,130915.66,213326.17,229808.27,262772.47,1077
2021-12-13,270755.64,122129.3,196442.47,211305.1,241030.37,1078
2021-12-14,276260.47,126414.44,201337.45,216322.06,246291.26,1079
2021-12-15,287766.01,127766.6,207766.31,223766.25,255766.13,1080
2021-12-16,283168.52,124498.11,203833.31,219700.35,251434.43,1081
2021-12-17,277353.85,120662.03,199007.94,214677.12,246015.48,1082
2021-12-18,283500.54,122473.17,202986.85,219089.59,251295.06,1083
2021-12-19,280915.21,122022.92,201469.06,217358.29,249136.75,1084
2021-12-20,282372.81,122647.26,202510.04,218482.59,250427.7,1085
2021-12-21,287449.73,127844.8,207647.27,223607.76,255528.75,1086
2021-12-22,284874.42,127044.82,205959.62,221742.58,253308.5,1087
2021-12-23,294316.99,132882.57,213599.78,229743.22,262030.11,1088
2021-12-24,289778.18,132906.56,211342.37,227029.53,258403.85,1089
2021-12-25,293197.14,131800.82,212498.98,228638.61,260917.87,1090
2021-12-26,290941.68,132776.95,211859.32,227675.79,259308.74,1091
2021-12-27,288990.34,132557.36,210773.85,226417.15,257703.74,1092
2021-12-28,271461.18,124273.02,197867.1,212585.92,242023.55,1093
2021-12-29,259791.77,121458.51,190625.14,204458.47,232125.12,1094
2021-12-30,265475.49,123159.56,194317.53,208549.12,237012.31,1095
2021-12-31,263026.83,120778.97,191902.9,206127.69,234577.26,1096
